{
"0":{
  "name":"Contact",
  "id":"con",
  "low_limit":1000,
  "upp_limit":200000,
  "value_con":5000,
  "con_mult_fact":0.0001,
  "text_hov":"contact"
  
  },
  
"1":{
  "name":"Email Sending",
  "id":"eml_send",
  "low_limit":1000,
  "upp_limit":1000000,
  "value_con":10000,
  "con_mult_fact":0.001,
  "text_hov":"email send"
  
  },
"2":{
  "name":"Segmentation",
  "id":"Seg_prc",
  "low_limit":0,
  "upp_limit":100,
  "value_con":10,
  "con_mult_fact":0.00001,
  "mult_oth_fact":0,
  "text_hov":"segment"
  
  },
"3":{
  "name":"Social Post",
  "id":"soc_shed",
  "low_limit":5,
  "upp_limit":1000,
  "value_con":10,
  "con_mult_fact":0.1,
  "text_hov":"post sheduled"
  
  },
  
  "4":{
  "name":"Social Account",
  "id":"soc_acc",
  "low_limit":2,
  "upp_limit":100,
  "value_con":10,
  "con_mult_fact":0.01,
  "text_hov":"account connect"
  
  },
  
  "5":{
  "name":"Plateform",
  "id":"plat_acc",
  "low_limit":2,
  "upp_limit":30,
  "value_con":4,
  "con_mult_fact":0.3,
  "text_hov":"plateforms"
  
  },
  
  "6":{
  "name":"Transactional Email Send",
  "id":"trn_eml_snd",
  "low_limit":1000,
  "upp_limit":1000000,
  "value_con":10000,
  "con_mult_fact":0.0005,
  "text_hov":"transactional email send"
  
  },
  "7":{
  "name":"Studio",
  "id":"std",
  "low_limit":1,
  "upp_limit":20,
  "value_con":3,
  "con_mult_fact":2,
  "text_hov":"GB"
  
  }
  
}